﻿<?xml version="1.0" encoding="utf-8"?>
<manifest identifier="_5V5hEpEnzkf_course_id" version="1.0" xmlns="http://www.imsproject.org/xsd/imscp_rootv1p1p2" xmlns:adlcp="http://www.adlnet.org/xsd/adlcp_rootv1p2" xmlns:xsi="http://www.w3.org/2001/XMLSchema-instance" xsi:schemaLocation="http://www.imsproject.org/xsd/imscp_rootv1p1p2 imscp_rootv1p1p2.xsd http://www.imsglobal.org/xsd/imsmd_rootv1p2p1 imsmd_rootv1p2p1.xsd http://www.adlnet.org/xsd/adlcp_rootv1p2 adlcp_rootv1p2.xsd">
  <metadata>
    <schema>ADL SCORM</schema>
    <schemaversion>1.2</schemaversion>
    <lom xmlns="http://www.imsglobal.org/xsd/imsmd_rootv1p2p1" xmlns:xsi="http://www.w3.org/2001/XMLSchema-instance" xsi:schemaLocation="http://www.imsglobal.org/xsd/imsmd_rootv1p2p1 imsmd_rootv1p2p1.xsd">
      <general>
        <title>
          <langstring xml:lang="x-none">Datenschutz in der Sozialen Arbeit</langstring>
        </title>
      </general>
      <lifecycle>
        <version>
          <langstring xml:lang="x-none">1</langstring>
        </version>
        <status>
          <source>
            <langstring xml:lang="x-none">LOMv1.0</langstring>
          </source>
          <value>
            <langstring xml:lang="x-none">Final</langstring>
          </value>
        </status>
      </lifecycle>
      <metametadata>
        <metadatascheme>ADL SCORM 1.2</metadatascheme>
      </metametadata>
      <educational>
        <typicallearningtime>
          <datetime>PT0H0M0S</datetime>
        </typicallearningtime>
      </educational>
      <rights>
        <cost>
          <source>
            <langstring xml:lang="x-none">LOMv1.0</langstring>
          </source>
          <value>
            <langstring xml:lang="x-none">yes</langstring>
          </value>
        </cost>
        <copyrightandotherrestrictions>
          <source>
            <langstring xml:lang="x-none">LOMv1.0</langstring>
          </source>
          <value>
            <langstring xml:lang="x-none">yes</langstring>
          </value>
        </copyrightandotherrestrictions>
      </rights>
    </lom>
  </metadata>
  <organizations default="Datenschutz_in_der_Sozialen_Arbeit_ORG">
    <organization identifier="Datenschutz_in_der_Sozialen_Arbeit_ORG">
      <title>Datenschutz in der Sozialen Arbeit</title>
      <item identifier="Refresher-Datenschutz_SCO" isvisible="true" identifierref="__5V5hEpEnzkf_course_id_RES">
        <title>Datenschutz in der Sozialen Arbeit</title>
        <adlcp:masteryscore>80</adlcp:masteryscore>
      </item>
    </organization>
  </organizations>
  <resources>
    <resource identifier="__5V5hEpEnzkf_course_id_RES" type="webcontent" href="index_lms.html" adlcp:scormtype="sco">
      <file href="story_content/thumbnail.jpg" />
      <file href="mobile/6IjPVajZKEY_80_P_0_42_499_283_DX1254_DY1254_CX500_CY283.jpg" />
      <file href="mobile/61Wf0ILzEZX_80_DX40_DY40_CX22_CY41.png" />
      <file href="story_content/5uX26K1UEYG_44100_56_0.mp3" />
      <file href="mobile/5iiT303Yp5g_80_DX40_DY40_CX41_CY41.png" />
      <file href="mobile/5oEU2vwsyen_80_DX42_DY42_CX43_CY41.png" />
      <file href="mobile/6GgPn4b584M_80_DX68_DY68_CX54_CY11.png" />
      <file href="mobile/6lOpLdigENt_80_P_0_150_1557_889_DX1012_DY1012_CX844_CY482.jpg" />
      <file href="story_content/5eB9FrozUY5_44100_56_0.mp3" />
      <file href="mobile/5kn6AOQkukA_80_P_0_150_1557_889_DX1012_DY1012_CX844_CY482.jpg" />
      <file href="story_content/6ncs6HYKJ5M_44100_56_0.mp3" />
      <file href="story_content/6d5eh4yd6Av_44100_56_0.mp3" />
      <file href="mobile/6mFaN6Q5RMY_80_P_0_139_2048_1152_DX1440_DY1440_CX1508_CY849.jpg" />
      <file href="story_content/5kOwQewXXYC_44100_56_0.mp3" />
      <file href="story_content/659u2Il1NNE_44100_56_0.mp3" />
      <file href="story_content/6nWClGPPblh_44100_56_0.mp3" />
      <file href="story_content/6e0AluPf8HS_44100_56_0.mp3" />
      <file href="mobile/6AuBbNMowGN_80_P_674_226_466_288_DX864_DY864_CX220_CY136.jpg" />
      <file href="mobile/5lXAh96E92a_80_P_647_249_393_245_DX1024_DY1024_CX218_CY136.jpg" />
      <file href="mobile/5XRaKZ9pM6W_80_P_726_246_442_273_DX912_DY912_CX220_CY136.jpg" />
      <file href="mobile/6OZeAnZTIcb_80_P_743_290_462_281_DX872_DY872_CX220_CY134.jpg" />
      <file href="mobile/5wQcjd744N9_80_P_898_229_437_266_DX922_DY922_CX220_CY134.jpg" />
      <file href="story_content/6n7r6JosEFJ_44100_56_0.mp3" />
      <file href="story_content/5mXKAe4Hwjo_44100_56_0.mp3" />
      <file href="mobile/5mxmbkcsqAe_80_P_0_189_2048_1152_DX1458_DY1458_CX1528_CY860.jpg" />
      <file href="story_content/6gq6J1yT6Rm_44100_56_0.mp3" />
      <file href="mobile/6mPxRxfwkUb_80_DX1448_DY1448_CX690_CY1518.png" />
      <file href="story_content/6ZCPTb2N5nu_44100_56_0.mp3" />
      <file href="mobile/6DTbHGLkyLO_X_80_DX1212_DY1212_CX400_CY1270.png" />
      <file href="mobile/5xvtI61TJI6_X_80_DX1150_DY1150_CX434_CY1206.png" />
      <file href="mobile/5ebyAiJAnfE_80_DX1150_DY1150_CX400_CY1203.png" />
      <file href="story_content/6qe5M8T2NrD_44100_56_0.mp3" />
      <file href="story_content/5dQvxTtJNnQ_44100_56_0.mp3" />
      <file href="mobile/6Yn5QOP11M5_X_80_DX1150_DY1150_CX432_CY1204.png" />
      <file href="story_content/60oaaTK2s6j_44100_56_0.mp3" />
      <file href="story_content/5yhEKuWPmCC_44100_56_0.mp3" />
      <file href="mobile/6AQvmj4UBwo_80_DX1150_DY1150_CX406_CY1206.png" />
      <file href="story_content/6PiQ5UsDYsb_44100_56_0.mp3" />
      <file href="story_content/5Yk9aP7eWt9_44100_56_0.mp3" />
      <file href="mobile/6lGGtHQFaFc_80_P_0_219_2048_1145_DX1448_DY1448_CX1518_CY849.jpg" />
      <file href="story_content/5YdkYSU4olI_44100_56_0.mp3" />
      <file href="mobile/6iBimtv0Aly_80_DX1150_DY1150_CX417_CY1205.png" />
      <file href="story_content/6eFECC84VDb_44100_56_0.mp3" />
      <file href="mobile/5qpPH65FPkV_80_DX170_DY170_CX178_CY146.png" />
      <file href="story_content/5phZFR1j3Wa_44100_56_0.mp3" />
      <file href="mobile/5g38pEsTug5_X_80_DX1150_DY1150_CX396_CY1201.png" />
      <file href="story_content/6BoLegRgeGe_44100_56_0.mp3" />
      <file href="story_content/6esKIOLA7Lw_44100_56_0.mp3" />
      <file href="mobile/6CVY4KwJfPS_80_DX424_DY424_CX430_CY444.png" />
      <file href="story_content/6gJeoT6KjoA_44100_56_0.mp3" />
      <file href="story_content/5mxcPayyGGV_44100_56_0.mp3" />
      <file href="mobile/65C6EnMVukY_80_P_0_100_2048_1158_DX1440_DY1440_CX1510_CY854.jpg" />
      <file href="story_content/5pwpC29cssv_44100_56_0.mp3" />
      <file href="mobile/5YLTwwoHJVy_80_DX1448_DY1448_CX521_CY1519.png" />
      <file href="story_content/61OqtvRlOtx_44100_56_0.mp3" />
      <file href="mobile/6m3bo0VdMlp_80_DX1150_DY1150_CX455_CY1201.png" />
      <file href="story_content/5xJL5DZ45HJ_44100_56_0.mp3" />
      <file href="story_content/5ik7yZ8i6h9_44100_56_0.mp3" />
      <file href="mobile/6CbwM8k2z3M_80_DX1150_DY1150_CX583_CY1205.png" />
      <file href="story_content/68nikEPz2XA_44100_56_0.mp3" />
      <file href="story_content/5rAo5js5VrK_44100_56_0.mp3" />
      <file href="story_content/5yRHTNWIPjm_44100_56_0.mp3" />
      <file href="story_content/6S9XXENeaaN_44100_56_0.mp3" />
      <file href="story_content/6TEzATSttjb_44100_56_0.mp3" />
      <file href="meta.xml" />
      <file href="story_content/user.js" />
      <file href="mobile/Shape6D7kqKMbpF3.png" />
      <file href="mobile/Shape6DUoiUMGJZx.png" />
      <file href="mobile/Shape6PiKz75LKt2.png" />
      <file href="mobile/Shape5cJhPrbqCQu.png" />
      <file href="mobile/Shape6Hb4NXJhTGg.png" />
      <file href="mobile/Shape5vn6dJezZQy.png" />
      <file href="mobile/Shape6eyDUiYeSS8.png" />
      <file href="mobile/Shape6ILlp7sx3w2.png" />
      <file href="mobile/Shape6Bkz2bagxn2.png" />
      <file href="mobile/Shape5bYIgEvUvcB.png" />
      <file href="mobile/Shape6brFC3WUf6C.png" />
      <file href="mobile/Shape5vlloDFperf.png" />
      <file href="mobile/Shape5rkLrsVFeG5.png" />
      <file href="mobile/Shape5Z2jf2MmgSV.png" />
      <file href="mobile/Shape6UXHJ4iHNdl.png" />
      <file href="mobile/Shape5bpI3okKwQa.png" />
      <file href="mobile/Shape6GNraFFEdjw.png" />
      <file href="mobile/Shape6ZN5Sd5519y.png" />
      <file href="mobile/Shape632ZLzS4VHH.png" />
      <file href="mobile/Shape5cFYnmM4Sro.png" />
      <file href="mobile/txt__default_5nAIevJgNFa.png" />
      <file href="mobile/txt__default_5egKB51k7km.png" />
      <file href="mobile/txt__default_6oJQc7GR34B.png" />
      <file href="html5/data/css/output.min.css" />
      <file href="html5/data/js/5aDAMZ5UEsW.js" />
      <file href="html5/data/js/5aLfrMZVuhq.js" />
      <file href="html5/data/js/5axrY2G2Dxz.js" />
      <file href="html5/data/js/5bdux3vCRNY.js" />
      <file href="html5/data/js/5dQNNyVvTvW.js" />
      <file href="html5/data/js/5ewDTTeCQ6S.js" />
      <file href="html5/data/js/5iBApkAtmR2.js" />
      <file href="html5/data/js/5mMMNx2qu6O.js" />
      <file href="html5/data/js/5r4ukSF10OV.js" />
      <file href="html5/data/js/5xjBgQt0xKm.js" />
      <file href="html5/data/js/5XQWdGmJnSY.js" />
      <file href="html5/data/js/5ZfLsvye2rY.js" />
      <file href="html5/data/js/5ZZeX3ByMA4.js" />
      <file href="html5/data/js/63nlGZtc9YF.js" />
      <file href="html5/data/js/682R31adgNd.js" />
      <file href="html5/data/js/6AhxE3Suwt0.js" />
      <file href="html5/data/js/6BUdzAuKIrI.js" />
      <file href="html5/data/js/6dhDGw23EXE.js" />
      <file href="html5/data/js/6EY8J6nT3bO.js" />
      <file href="html5/data/js/6f3k6dBWQNG.js" />
      <file href="html5/data/js/6F5Mz1aQvir.js" />
      <file href="html5/data/js/6GCvYuY8rdO.js" />
      <file href="html5/data/js/6HBOXcWG5iB.js" />
      <file href="html5/data/js/6HJjlNDaMmk.js" />
      <file href="html5/data/js/6I4bGDPjkwf.js" />
      <file href="html5/data/js/6ijHP2vxAso.js" />
      <file href="html5/data/js/6LZ9DKD5bG2.js" />
      <file href="html5/data/js/6NRMLiXwqFz.js" />
      <file href="html5/data/js/6p5HksdfZbH.js" />
      <file href="html5/data/js/6PptDZDxvTi.js" />
      <file href="html5/data/js/6QjO6aePm8k.js" />
      <file href="html5/data/js/6Ta9GuS5Yqa.js" />
      <file href="html5/data/js/6YQqE7V9qiK.js" />
      <file href="html5/data/js/data.js" />
      <file href="html5/data/js/frame.js" />
      <file href="html5/data/js/paths.js" />
      <file href="html5/lib/scripts/bootstrapper.min.js" />
      <file href="html5/lib/scripts/frame.desktop.min.js" />
      <file href="html5/lib/scripts/frame.mobile.min.js" />
      <file href="html5/lib/scripts/slides.min.js" />
      <file href="html5/lib/stylesheets/desktop.min.css" />
      <file href="html5/lib/stylesheets/mobile.min.css" />
      <file href="html5/lib/stylesheets/mobile-fonts/open-sans-bold.woff" />
      <file href="html5/lib/stylesheets/mobile-fonts/open-sans-light.woff" />
      <file href="html5/lib/stylesheets/mobile-fonts/open-sans-regular.woff" />
      <file href="analytics-frame.html" />
      <file href="story.html" />
      <file href="index_lms.html" />
      <file href="lms/AICCComm.html" />
      <file href="lms/blank.html" />
      <file href="lms/browsersniff.js" />
      <file href="lms/goodbye.html" />
      <file href="lms/scormdriver.js" />
    </resource>
  </resources>
</manifest>