﻿<?xml version="1.0" encoding="utf-8"?><bwFonts xmlns:xsi="http://www.w3.org/2001/XMLSchema-instance" xmlns:xsd="http://www.w3.org/2001/XMLSchema" fontfactoryurl="story_content/FontFactory.swf"><font id="00" name="Century GothicBold Charset1_ 6HszS9zAzAw"><glyphs><g i="0" c="89" charCode="89" p="%^Nw2esA2eNDuk6H2eJK2euFdouF$v2C$v2Cdo" /><g i="1" c="111" charCode="111" p="#^WDniOFnisHjj6Jfk1KTlZKunZKlpZKer1KTs5JvuuHqvTFlwXDlw4Blw2zju1xhs1xnp1xfmjzbkjBniWDni^_DwlqCwloBBmmAGnmAmpmA5rnBaspCftZDftxFftzGasCH4rCHmpCHFnAGBmzFwl_Dwl" /><g i="2" c="117" charCode="117" p="#^GxJi%2BJi%2B7p2B_qiBJrzBrs7CRsICftxDftmEftXESsxFssPFHr0G6r0Gep%0GJi%lJJi%lJlolJQrOI6t7IGuPGwvwFlwvDlwjBlwYznvCyou3yEsGxrrGxfo" /><g i="3" c="32" charCode="32" p="#" /><g i="4" c="109" charCode="109" p="#^FxJi%_AJi%_AfkRBijTCRiWDni9FnipGnipH_ipIBj0JMkPJBjZK_i7MnivNniVOni_P1j3RHjxRLk$RPl$Rco%$R$v%EO$v%EOgpEO$m4OcmwNploMplyLplSKUlbKnmSJfnxJ6oxJ$p%xJ$v%aG$v%aGzpaGNnVF_mEFbm6FOlBEplRDpl0DplkCVlFBomjBhn_Aao_A5q%_A$v%Fx$v" /><g i="5" c="115" charCode="115" p="#^PFAk%LDEmvColtBolWAolBADlhASlhAdmhAumuAJmHAXmtBkn%ICXnDEUolFUp3GTq3Gcs3GZtME9vtDlwhBlwnylwEw3u%HyQrhzws3AXsRAmtsBmt6CmtwC2tWCJsWCjsWCyrtBPq%lAfq7xDo7xbm7xCkkyvjyznirBniKCniTDYi0FwjPFAk" /><g i="6" c="116" charCode="116" p="%^4yQdpBQdpBJioDJioDBlpBBlpB$v4y$v4yBlnwBlnwJi4yJi" /><g i="7" c="99" charCode="99" p="#^HKol%VHWm7H6mmGOlBFtlAEtlICtlyBBmoAInoAspoA8rvBdsDCitqEitGGitWHMr%yKztpIlwwElw$Alw0zgu1xbs1xpp1xun$xSlZyekHAjjqCnizEnixGni6IajHJYjHKol" /><g i="8" c="112" charCode="112" p="#^$AJi%$AbkVBhjYCQi$DnibFniOHniCJlkqLjmqLopqLlsyJluGHlw5FlwYDlwYCXvZBxv$ABu%$ASA%HxSA%HxJi^vEslWCslUBxmSACnSAlpSA6rUBcsWCitvEit0Git2Hbs5I4r5Ilp5IEn3Hym2GslvEsl" /><g i="9" c="108" charCode="108" p="%^jxBdEABdEA$vjx$v" /><g i="10" c="101" charCode="101" p="#^_Kkq%hAkqwAKrwBAsxCpt5EptYFptiH6s%6Kqt3JWuBHEv7Glw6Elw$Alw1znu3xps3xrp3xom0zok_AniXDni3Hni1Jok$Kom$KHp^FHInkHBmlGUlnFbl5EblICblEBZl_AtmqAIn" /><g i="11" c="104" charCode="104" p="#^IxBd%0BBd%0B3k_BdjZCOiZDni_EniYGnijILjtJWktJdn%tJ$v%bG$v%bGaqbGSnZF2nLFemdFQlHEqlVDqlUCql9C5mrBMm9BWn0Bxo0BFq%0B$v%Ix$v" /><g i="12" c="113" charCode="113" p="#^uHJi%PKJi%PKSA%uHSA%uHBuwGxvxFXvyElwpDlwQAlwYylu4xls4xop4xjmUylkIAnijDnivEniyFQiBGhjuHbk^_DslrCslqBympAEnpAlppA4rrBbsuCit$DitzFitBGcsDH6rDHlpDHCnBGxmzFsl_Dsl" /><g i="13" c="105" charCode="105" p="#^_yfdSzfduAUd6Bwe6Bqf6BjguAYgTzAh$yAh6yAhuxXgSwigSwnfSwvetxTd5yfd_yfd^jxJi%EAJi%EA$v%jx$v" /><g i="14" c="110" charCode="110" p="#^HxJi%0BJi%0B4k9C7j3DLi_DniYEniXGnijILjtJWktJdn%tJ$v%aG$v%aGbqaGOnYF0nLFemdFQlHEqlVDqlUCql9C6mrBNm9BZn0BBo0BGq%0B$v%Hx$v" /><g i="15" c="98" charCode="98" p="#^$ABd%$AbkVBhjYCQi$DnibFniOHniCJlkqLjmqLopqLlsyJluGHlw5FlwYDlwYCXvZBxv$ABu%$A$v%Hx$v%HxBd^vEslWCslUBxmSACnSAlpSA6rUBcsWCitvEit0Git2Hbs5I4r5Ilp5IEn3Hym2GslvEsl" /><g i="16" c="102" charCode="102" p="#^5wJi%hxJiix6gmxDfvxxehyUd4zfdwAfdyBfdSCKd%SCgg8C3gGB3g5B3gPAjgDAugDA3h%CAJi%JCJi%JCxl%CAxl%CA$v%hx$v%hxxl%5wxl" /><g i="17" c="114" charCode="114" p="#^VwJi%MzJi%MzokeApj$AUiMBniGCnikDni1EJi%$CBlpCil1CilgBilKAfmcAcncA_p%dADq%dA$v%Vw$v" /><g i="18" c="103" charCode="103" p="#^uHJi%PKJi%PK5uPKtxsJ2zEHcB_DcB1CcBHAJAmzeAryhzxxly5x_w%MA_wfByx0CQxOC6yRD6ybF6y$FHxPGhx8HDwuHZvuHmuCGevEFDvHE$vtD$vOA$vYy4u6x8s6xbp6x1m3z6kQAnihDniqEnirFOisGdjuHbk^1EultCulrBymqABnqAcpqASqtBWrwC_s5E_sEF_sEGYrFHVqFHdpFHznEGxmEFul1Eul" /><g i="19" c="46" charCode="46" p="#^vzwsiAwsSA4tqBDtqBquqBdvSANviAlwvzlwJylw9yNvBxdvBxquBxDt9y4tJywsvzws" /><g i="20" c="69" charCode="69" p="%^3y2eSH2eSHohsBohsBEkSHEkSHWnsBWnsBEsSHEsSH$v3y$v" /><g i="21" c="121" charCode="121" p="%^cwJiCzJi2D1rRGJihKJiZBSAwySAfB$u" /><g i="22" c="97" charCode="97" p="#^uHJi%PKJi%PK$v%uH$v%uHBuwGxvxFXvyElwpDlwQAlwYylu4xls4xop4xjmUylkIAnijDnivEniyFQiBGhjuHbk^_DslrCslqBympAEnpAlppA4rrBbsuCit$DitzFitBGcsDH6rDHlpDHCnBGxmzFsl_Dsl" /><g i="23" c="100" charCode="100" p="#^uHBd%PKBd%PK$v%uH$v%uHBuwGxvxFXvyElwpDlwQAlwYylu4xls4xop4xjmUylkIAnijDnivEniyFQiBGhjuHbk^_DslrCslqBympAEnpAlppA4rrBbsuCit$DitzFitBGcsDH6rDHlpDHCnBGxmzFsl_Dsl" /><g i="24" c="119" charCode="119" p="%^dwJitzJi9Chq1FJi1HJiRJbqwMJiNPJiYK$vQI$v$Fro5D$v$A$v" /><g i="25" c="58" charCode="58" p="#^vzniiAniSAXiqBvjqBikqB4lSAEliAcmvzcmJycm9yFlBx5lBxikBxvj9yXiJynivzni^vzwsiAwsSA4tqBDtqBquqBdvSANviAlwvzlwJylw9yNvBxdvBxquBxDt9y4tJywsvzws" /><g i="26" c="83" charCode="83" p="#^uHug%YEJiCDSgeCSgzBSg7BdhIAAhIA1iIAui0BUiqBqjwDbltFQmUFgnWGjomHgpOHdqOHmrOHAtgG0vKEswhCswmAswXywvwxAuvwzs%nzQqGActmCcteDctQDHsrEasrEvrrEUq_DhqxDGp_Bqo3z1mcyKklxqjlx8ilxggMyXebABdhCBdDDBdREde3GReuHug" /><g i="27" c="66" charCode="66" p="#^2y$v%2y2e%TA2ekD2etEme5GOe2HYf$H6h$HHi$HJjzHzk7Hol8G7mNHUmxI2oiJbpiJMqiJhswIxtKHMuvGovgF$v4D$v^tBjh%tB5l%dC5ltD5l4EAkHE2kHE8jHEii6EPhxDjhmCjh^tB8o%tBKs%kCKssEKsbFcsXFFrXFEqXFup3FPocE8oaC8o" /><g i="28" c="84" charCode="84" p="%^hw2ecG2ecGqhXCqhXC$vtz$vtzqhhwqh" /><g i="29" c="120" charCode="120" p="%^vwJimAJi_ClmCFJiqJJiVEZo$J$v7G$vZCErQz$v0w$v3B0p" /><g i="30" c="87" charCode="87" p="%^Hw2e1A2eDCvpRF2eGI2eXLvpxO2eTR2eRN$vyK$vfHok_D$vLA$v" /><g i="31" c="107" charCode="107" p="%^IxBd1BBd1BcoXFJi5KJipE3pPK$vGG$v1BTp1B$vIx$v" /><g i="32" c="63" charCode="63" p="#^rAGi%exGicxjgRyNetAfd8DfdSEfd3GUdhHwe$HJfKIVgKIeiKIYivIFjgIlkMH4ltHvlmGwmiFun1FUnMEhoAEXooEBplEMq%1BMq%0Bdq0BAoCBfndCVlzDKkSEBj7FajpFKipFaipFohLERg6Eig$CigUBigaBZgsADhrAGi^LC9sED9sgEMsUEntUEfuUE6vgEKvEDlwMClwUBlwgBKvFA6vFAfuFAntgBMsTB9sLC9s" /></glyphs></font><font id="10" name="Century Gothic Charset1_ 5eBekc5DjQF"><glyphs><g i="0" c="79" charCode="79" p="#^KGBdPKBdzNjgjQ1jjQ0njQYqzNItQKswTGswUCsw8AJtox_qox6noxwkEyjiUz5g2CRedEBdKGBd^PGlfQElf1DogfBqhfAbjfzXkfz5nfziqtBvsHDIuPGIuVIIuHKHttMGssNWqsO9psO0nsOTksN9jtMqhFKogRIlfPGlf" /><g i="1" c="75" charCode="75" p="%^by2e0A2e0AOkcH2eBJ2e_A6mhK$vSH$v0AFn0A$vby$v" /><g i="2" c="89" charCode="89" p="%^Mw2eRy2erDtlYH2e0K2ekEqnkE$vzC$vzCqn" /><g i="3" c="101" charCode="101" p="#^6JBr%yKlsRJLtVICu_HsvPGVvFFlwbElwXAlw5zdugx4sgxopgxTmPyUkNAni5EniuHniwJYkYKNm_Kvp%$yvp2zPruAitWBMu1EMu2FMu$FquZG3uEHutkIUs6JBr^6J0oMIFm6IRlsH0lnGwkiF0k6E0k8C0kKAglIzbmaz0o" /><g i="4" c="115" charCode="115" p="#^AE9k%uDil6CZjOAZjYzZjmzwkMy3lMyOlMysmfz1nLzEnjBroeDqpWDlqBEhrBErsBE4urDdviClwzAlwqzlwnyRvkxlvEwsu%Jxet1zJuvAJuxBJufC3uZCptZCvsZCNruCcr0CEqkANpxySoUxYnex2nexUlexnkgynjizniTAniJCniAE9k" /><g i="5" c="78" charCode="78" p="%^cy$vcy2eBy2eyKOryK2ejM2ejM$vVL$v3Aqi3A$v" /><g i="6" c="111" charCode="111" p="#^bEnigHnihJBk6LDm6Lop6LbsaJgueHlwbElw8BlwczgugxbsgxopgxEm5zCk6BnibEni^bE2k3C2kxADl$ycn$yrp$yTqHz7soAmtAB2uMCJubEJuCFJuOG2u_HmtGI7snJTqnJrpnJcnQHDliG2kbE2k" /></glyphs></font><font id="20" name="Open Sans Charset1_ 5tI6UjJkXtc"><glyphs><g i="0" c="32" charCode="32" p="#" /><g i="1" c="69" charCode="69" p="%^pI$vsy$vsy9epI9epI$fxA$fxALlWHLlWHAnxAAnxA8upI8u" /><g i="2" c="120" charCode="120" p="%^nB9pJwDi1zDiyCLn3GDilIDiID9pBI$viG$vyCAqMy$vtw$v" /><g i="3" c="97" charCode="97" p="#^nG$v%ZF5u%TF5uTEmvTDPvUCfwoBfwpzfwgyev8xcu8xjs8xfoDD3o%VF_n%VF9nVFAldFQkyE4k3D4koB4kgz6l%FyyjEz0jPAJi$BpiaDpiAFpiJGtjTHxkTHTm%TH$v^OBAuHDAuMEytSFvsSFDq%SFqp%QDvppBBpkAgqgzWqgzksgzrtXz0uCAAuOBAu" /><g i="4" c="109" charCode="109" p="#^cP$v%cPincPHlwOUkQN5koM5kvK5kBJblHIgmHIxo%HI$v%GG$v%GGinGGHl_FUkiF5kRD5kXB5k2BelaAnmaA_o%aA$v%8y$v%8yDi%OzDi%7Ask%dAskOAtjRBWiUCniaEnijHnihIFk%nIFkZIBj6K_ifLniIMniZOni5QyjdRIkdRgn%dR$v" /><g i="5" c="112" charCode="112" p="#^nEfw3Dfw_BMvVAhvaAhu%1AhuaAsvaAvw%aA$B%8y$B%8yDi%OzDi%4Ask%aAskYAmj_BTi1DninEni1HnitIckWJ0mWJipWJBssIqu_GfwnEfw^4E5k1C5k6BelcAmmaARo%aAipaA6s6Bkt2Cyu7EyuSFyuRG8tQHKrQHgpQHMmRGrlSF5k4E5k" /><g i="6" c="108" charCode="108" p="%^aA$v9y$v9y$caA$c" /><g i="7" c="101" charCode="101" p="#^ODfwQAfw6zsupxEspxqppxbm$yhkBAnihDniOFnifH1kJIHlJIoo%JIGp%vzGpzz1sHAgtQBuuTDuu1Guu9IAt%9Iov4HRv6G2w9FfwODfw^fD4kEB4kGA7lJzamyz1o%yG1oyG6mHF5lRE4kfD4k" /><g i="8" c="49" charCode="49" p="#^KE$v%LC$v%LChjLCIhRChgBCxggCPgYB5hnzcj%iyPh%0D9e%KE9e" /><g i="9" c="58" charCode="58" p="#^SxIuSxUtdyttBy2tiz2t$z2toAttOAUtOAIuOAvvoAXv$zmwizmwGymwgy_vSxBvSxIu^SxXjSxhiizhiOAhiOAXjOAJkoA9l$zAlizAlGyAlgyclSxPkSxXj" /><g i="10" c="77" charCode="77" p="%^mG$viAbgcAbg#nA3inAFknA$vsy$vsy9eAB9eeHTskHTs1N9e8Q9e8Q$v3O$v3Ovk#3OxieOcg8Ocg1I$v" /><g i="11" c="115" charCode="115" p="#^NGmsNGduoFev$DfwuBfwPyfwkxpv%kxwtiy0uoziuvAAuxBAu6DAuZD4uQEztQExsQELr8EbrtDDqvBTpEzapRyFo3y8oGxunixQmixVlixgkDykjYznigCnirEnivGfj%NFVkMD4k7C4kHA4kYzxkdz_kdzMldzjmuzHmMz3nnApn_ALnJCoo6FgpXF8qNG0rNGms" /><g i="12" c="103" charCode="103" p="#^6JDi%6JVj%DGckZGDkeHjlvH$lvHTmvHQo9G$pPEartCarTBarlB4r2AMr2AOs2AltvACtYATt3CTt%qETtBGTtMHOuXIIvXIsxXIGz9HQAnF$BYB$Bkz$BUx0Btw2Atwgytw2xfx9w2ygvszYuXyJuByeufyKtfy5tfymsEyPr1zgrTzLqQyjqayipxxgoxxYmxxLkRyzjaAniACniEDnitEDi^qyeyqykzlzUzgAsAZBsAxEsALFHz_GWy_GDx_GxwjG6wEFHvNDHv%lBHvZzHvbzlwqy$wqyey^xzVmxzjojA1p6BLpxCLpvFLpvFTmvFSjvCSj3BSjiADkxzolxzVm" /><g i="13" c="105" charCode="105" p="#^aA$v%9y$v%9yDi%aADi^_x$e_xiejy_dFyFdazFdFzFd0A_dnAjenA$enAHf0A1gFzmgazmgFymgjy1g_xHf_x$e" /><g i="14" c="110" charCode="110" p="#^iH$v%iHlniHIlyGVkPF5keE5k7C5k8BelaAmmaA_o%aA$v%9y$v%9yDi%OzDi%7Ask%dAskRAtjZBWi5DnitEniUGni6IyjkJIkkJgn%kJ$v" /><g i="15" c="50" charCode="50" p="#^YI$v%dx$v%dxfu%WBxp4EmnLErmrFvlNFDk7GKj7GJi7GihfFtgoEDfRCDfKBDfKA$fLzmgxykh%sxXfWzUdQCUdlFUdMGbfcItgcIEicIlkfH$liGFnGDcq%Mz1u%Mz7u%YI7u" /><g i="16" c="100" charCode="100" p="#^fHcu%8HcuKFfwXCfwjAfwSysupxFspxlppx1mSyckkAniXCniFFni6Hmk%gHmk%bHoj%8Hsi%8H$c%aJ$c%aJ$v%wH$v^cDyugFyucGqt8His8HNp%8Hlp8HvmbGilfF4kaD4koB4krAtlvzRmvznpvzXrrAftnByucDyu" /><g i="17" c="117" charCode="117" p="#^2ADi%2Air2AXsOALtyByu7DyueFyucGptaHfsaHFp%aHDi%bJDi%bJ$v%wH$v%eHdu%7HduvGcvoFKvhEfwTCfwrAfwdz5v$xXt$xnr%$xDi" /><g i="18" c="51" charCode="51" p="#^hIlihI3kjH9lmGemCECm%CEImLGZmNH4oQIapQIYqQIvt3HTuiFfw1CfwCAfwrz1wgyQv8xhv%8xmtjyXtDzeuXAxu6CxuKGxuKGVqKGFnDBFn%TzFn%TzVl%FBVlKDVlYE_kbG3kbGqibG6hhFngoEDfRCDfGBDfEAYfCzgggy6h%fxLflyTeNzoedBUdOCUdpFUdRG5fhIhghIli" /><g i="19" c="83" charCode="83" p="#^wIfrwICtPGXu6FfwaCfw$yfwixrv%ixrtoyVtHzau_ArufCrukErunFFtqGSsqGsrqGwq2GXpGFlpOERoXDko9CInFzPmByBlxxmkxxoixxkg4z6fDAUdaDUdRFUd4ITe%qHGgdFLf7DLfuBLfyAtgDzahDzqiDzljZzXjjAxk7B1lXBxlCD7mpG7nsHhowIqpwIfr" /><g i="20" c="116" charCode="116" p="#^tCAu0DAuwDvu0EquiEku%iEUvZD2wkD8wHCfwaCfwiyfwiy9s%iyck%nwck%nwej%iyoi%9zxf%kAxf%kADi%cEDi%cEck%kAck%kA4skAhtUAXttBAutCAu" /><g i="21" c="114" charCode="114" p="#^fEni8FniRFwi%zFpkKEdk6EdkuCdkkBylaASmaAQo%aA$v%8y$v%8yDi%PzDi%2A5l%9A5lUAOjXB5j$CnifEni" /><g i="22" c="121" charCode="121" p="#^1wDi%cyDi%7Bfq5CSskC0u%qC0uACot4DUrBDoqoGDi%zIDi%QCSxZB6AQA2BHz$B1y$B5x$BbwOB%bwaASwjAIxjANzjAGAZx%qB3w" /><g i="23" c="76" charCode="76" p="%^sy$vsy9exA9exA7uoI7uoI$v" /><g i="24" c="111" charCode="111" p="#^HJipHJAs1IquoGfwuDfwIBfwjApvWyzu9y_spxprpxippx1m1zckGAniADnioGni1IfkHJ6mHJip^vzipvzSrwActyByuyDyuxFyuzGdtBHTrBHipBHLmzGqlxF5kwD5kxB5kwAplvzImvzip" /><g i="25" c="107" charCode="107" p="#^9A8pGApoLBcn%4GDi%uIDi%3Dko%SI$v%pG$v%GBGp%9A_q%9A$v%9y$v%9y$c%9A$c%9A4n9ALn2A8p" /><g i="26" c="104" charCode="104" p="#^iH$v%iHmniHJlyGWkPF6keE6k6C6k8BglaApmaA0p%aA$v%9y$v%9y$c%aA$c%aALiaAOj4Auk%cAukOAwjUBZi$CpiqEpiTGpi5IAjkJKkkJhn%kJ$v" /><g i="27" c="119" charCode="119" p="%^4J$vDG9o#oGrnLFTkFFTk#aF0nPEaohC$vXz$vhwDipyDi#IzGnnAjq#3BXs9BStfBSt#oB9tHB3s#_BYqcCiqFEDiSGDifJiq#XJpsaKQthKQt#kKotxKus#LKzr4NDibPDiuL$v" /><g i="28" c="98" charCode="98" p="#^nEpi$GpisIckWJ$lWJipWJBssIqu_GfwnEfw3Dfw_BMvVAhvaAhu%1Ahu%Bz$v%8y$v%8y$c%aA$c%aADhaAaj4Apk%aApkBBpinEpi^4E6k$B6k4BilaAumaAipaA7s6Blt2Cyu7Eyu$FyuVGbtQHQrQHhpQHGmVGol$F6k4E6k" /><g i="29" c="99" charCode="99" p="#^vDfwBAfw$ytupxGspxoppx1m0zckEAniDDniBEnizFBixGOi4H4j%sGOkNFxk_EmkbEakADakvzakvznpvzRrvAatvBuusDuu7FuuTGMt%TGzvxFfwvDfw" /><g i="30" c="102" charCode="57344" p="#^aEbk%MAbk%MA$v%Ly$v%Lybk%mwbk%mwhj%Lyyi%LyOhLyTc3DTc6ETcyFid%0FWeRDye0DyeTByejBjfMA4gMALh%MADi%aEDi" /><g i="31" c="65" charCode="65" p="%^HJ$vsHkqiAkq5y$v$v$v3D4ePE4eQL$v^PGsoKEWi#kEThVDlg#EDwh7DWi1Bso" /><g i="32" c="44" charCode="44" p="#^gA5t%sAnt8ABuxzcwXyQxiydz%Mwdz5xYxux4wUxdu2y5t" /><g i="33" c="46" charCode="46" p="#^SxIuSxUtdyttBy2tiz2t$z2toAttOAUtOAIuOAvvoAXv$zmwizmwGymwgy_vSxBvSxIu" /><g i="34" c="118" charCode="118" p="%^4B$v$vDiayDi3Bzq#1CltcCauiCau#rCwt8Dur#SDspmGDixIDisD$v" /><g i="35" c="113" charCode="113" p="#^cDyudFyu8Gtt4Hns8HOp%8Hlp8HymbGjleF4kaD4koB4krAtlvzRmvznpvzVrrAetnByucDyu^UCfwjAfwSyrupxCspxlppx3mSydkkAniXCniHFni9Hsk%gHsk%zHDi%aJDi%aJ$B%8H$B%8Hhw8H3vgHcu%6HcuJFfwUCfw" /><g i="36" c="79" charCode="79" p="#^XN3nXNlrMLOtCJfwLFfwPBfwGzRtxxqrxx1nxxGiGzhgQBTdNFTdDJTdNLkgXNMiXN3n^Jz3nJzHqgBzsPCruLFruJIrueKAsLLIqLL3nLLsjeKBhKIKfNFKfPCKfgBChJzujJz3n" /><g i="37" c="384" charCode="57346" p="#^EMbk%eJbk%eJ$v%dH$v%dHbk%QEbk%QEhj%dHyi%dHOhdHTcxLTcAMTc0Oid%uNWejMyeuLyelKyeNJjfeJ4geJLh%eJDi%EMDi^aEbk%MAbk%MA$v%Ly$v%Lybk%mwbk%mwhj%Lyyi%LyOhLyTc3DTc6ETcyFid%0FWeRDye0DyeTByejBjfMA4gMALh%MADi%aEDi" /><g i="38" c="84" charCode="84" p="%^YD$vTB$vTB$fdw$fdw9eBJ9eBJ$fYD$f" /><g i="39" c="73" charCode="73" p="%^sy$vsy9exA9exA$v" /><g i="40" c="80" charCode="80" p="#^MJmjMJ3mVHxn3G_oDC_o%xA_o%xA$v%sy$v%sy9e%4D9eMJ9eMJmj^xAcn%oCcn9FcnoGjmDHqlDHsjDHHhsGQgiFYfRCYf%xAYf" /><g i="41" c="48" charCode="48" p="#^2J3n2JHrBHZt8Gfw7DfwfAfwLyWtfxArfx3nfxoiIy8g9ATd7DTd1GTdxHeg2JBi2J3n^iz3nizYqcAKs7Bvu7Dvu9Fvu3GIsZGVqZG3nZGdj3Grh9FEf7DEf7BEfcAphizajiz3n" /><g i="42" c="85" charCode="85" p="#^XL9e%XLIpXLMs5KwufIfw0FfwOBfw1AvugyKsgyFp%gy9e%lA9e%lAPplA2szBftNCru9FruqHruEIetSJ1sSJNp%SJ9e" /><g i="43" c="71" charCode="71" p="#^iGFm%nMFm%nMkvYKNvuJ0w1Ifw5Gfw2CfwNzRtxxqrxx4nxxikEyciMz5gSB$eYDUdNGUdEJUd6MXe%iLNgTILfEGLfoDLfyBIhJzEjJz4nJzIquBAsfDruGGruxIruiK0u%iKwo%iGwo" /><g i="44" c="385" charCode="57345" p="#^aEbk%MAbk%MA$v%Ly$v%Lybk%mwbk%mwhj%Lyyi%LyOhLyTc3DTc6ETcyFid%0FWeRDye0DyeTByejBjfMA4gMALh%MADi%aEDi^EI$v%DG$v%DGDi%EIDi^sG$esGieNG_d7HFdEHFd7IFduI_dRIjeRI$eRIHfuI1g7ImgEHmg7HmgNG1gsGHfsG$e" /></glyphs></font><font id="30" name="Open SansBold Charset1_ 5iTdCIp6yA3"><glyphs><g i="0" c="79" charCode="79" p="#^rO3nrOureMTt2KfwXFfwRBfwEzTtsxursx1nsxAiFzegSBTdZFTd4KTdfMfgrOCirO3n^qB3nqB2qyCzrHD4tXF4ttK4ttK3ntK1hZF1hJD1hzCyiqB3kqB3n" /><g i="1" c="112" charCode="112" p="#^sFfw2DfwGBvu%uBvuGBcwGBuw%GB$B%Yx$B%Yxmi%_Ami%vB7k%GB7k_C5iyF5iZH5ikJZjIKQlIK9pIKlr3KYsqJzueIpv2HfwsFfw^mE4lZC4lkCXlIBNmGBKo%GB7pGBkrkChs_CetpEetVGetVG6pVG5nhG5mGF4lmE4l" /><g i="2" c="116" charCode="116" p="#^IDhtHEht2GSs%2GDvFEfwDCfwoAfwnz7vmy$tmyKr%my9l%Aw9l%AwAj%Dyki%Izsf%4Csf%4Cmi%VFmi%VF9l%4C9l%4CKr4CxswCVsZChtIDht" /><g i="3" c="105" charCode="105" p="#^OxQeOx$cQz$cRB$cRBQeRBHfkBagQAFgQzFgOxFgOxQe^GB$v%Yx$v%Yxmi%GBmi" /><g i="4" c="111" charCode="111" p="#^WA9pWAbrABesfCgtLDgtfFgtUFesyGcryG9pyG7nUF6meF5lKD5leC5lAB6mWA6nWA9p^mK9pmKusBInuRGfwIDfwKBfweAovKyxuWxWs7xir7x9p7xPlSyYjCA5iND5iLF5ifHYiLIOjyJplmK$mmK9p" /><g i="5" c="110" charCode="110" p="#^zK$v%QG$v%QG1oQGzmiGQlNF4lEE4l3D4lmC7mGBanGBAp%GB$v%Yx$v%Yxmi%OAmi%iB5k%vB5k7C6jdDCijE5iIF5i5I5ikJojzKGkzK5n" /><g i="6" c="32" charCode="32" p="#" /><g i="7" c="49" charCode="49" p="%^kG$vyC$vyCGlBC_jFC7i#JB3jlBmjiz$ktxKidD9ekG9e" /><g i="8" c="46" charCode="46" p="#^qxfuqxdtZxIsxyasAzasBAas8BJsIBftIBfuIBdv8BNvAAkwAzkwyykw_xNvqxevqxfu" /><g i="9" c="50" charCode="50" p="#^tJ$v%$w$v%$wnt%uBRotDPm4E1mHEelYEzkdFUjdFajdF5iDEAh2E2h2D2h0C2h1Bxh3A$h$yTi%Ywsggykf7zSe$zoe0B8e2CUdkDUd$EUdhGvezH6fgIdgZIjhZIKiZIZjxI2l6I7mbHgnhGoo$Dvq%IBFs%IBQs%tJQs" /></glyphs></font><font id="40" name="Open SansItalic Charset1_ 5ttANP7yLZp"><glyphs><g i="0" c="72" charCode="72" p="%^fJ$vcH$vYICnUACn7z$v2x$vQA9eUC9eiBLlmJLl_K9e1N9e" /><g i="1" c="101" charCode="101" p="#^$BfwMzfwuyWucxBtcxercxXo6yQm0zJkwAyj0CniQDniHFniDGbjAH$jAHslAHFnyFVowD9qLz9q%lz9q%iz8rizKs2AEtOAxunCxu8DxuYDjuME5uZFvt%ZFhvQEQvXD1w3Dfw$Bfw^ID7krC7kkBhleAqmFzso%OzsoACso3EKnyF$myFDlyF_k5FzkFE7kID7k" /><g i="2" c="97" charCode="97" p="#^ODniWEniOF_iHGAjaHJk%iHJk%7IDi%GJDi%QG$v%cF$v%wFst%qFsteDfwQAfw7zfw9y2vcxQtcxKrcxbp3y0nXyRksACj_BniODni^uByuGCyuRDqt0FhsKFtqtGFotGRmtGAlNFRk6F5k$D5kJC5kDB8lyAbmWz_nizNpizNrizatSzStrAyuuByu" /><g i="3" c="116" charCode="116" p="#^QAAuvBAuACgu%ACQvaC$vyB7wXAfwAAfw2zfweyxvqxOuqxmtqxysExxr%czak%5xak%gxhj%xzki%2Byf%fCyf%ABDi%WEDi%CEak%hBak%IzyruzCsuz9tuzRtQzdubAAuQAAu" /><g i="4" c="105" charCode="105" p="#^My$v%Jw$v%AzDi%DBDi^9Acf9AweyA5eXAFdyBFdDCFdDCLeDCqfdCUfPBmghBmgNAmgtA3g9ALf9Acf" /><g i="5" c="110" charCode="110" p="#^VE$v%IGynYGhmYGOlYG0lwGzk4G5k7F5k2E5k0DQk_BzlbBWmpAgo$zcq%My$v%Jw$v%AzDi%hBDi%$A5l%7B5liCCjoD$iuEniFFnicHni5Iej$I4k$IBl$IzmJIOn%ZG$v" /><g i="6" c="103" charCode="103" p="#^qJDi%7JWj%yGdk2HZk2H8m2HuoDFTpcEfrQBfr9BfrOA9r5zOr5zLs5zgtvzrtVzBtGAHt%6CStjE7uiFXuiGKviGixiGxzwEMAKC$Bvz$B8x$BOv5BsucAsuAysuixkvmwcwqvayLudxfudxhtdxrsRxQrtydrAzIqPyjqjyypQxNoQxMnQxplhzUjLAni0DniZDniVEDi^qwnyqwjzdxSz0ypAAzpAOBpA2DDziESyiEsxiEHwEDfw_CPvoBEv%szsv_xLvcxwwqwixqwny^QzInQzKonAhpWAQpUBQpSCQpADjpiEOoGEVn3F$m3FYl3FYkxErk$DVj$CVj2CVjkBpkCAUkdANlQzGmQzIn" /><g i="7" c="32" charCode="32" p="#" /><g i="8" c="99" charCode="99" p="#^aCfwPzfwvyYucxEtcxfrcxPo5yLm$yHkBAxjbCniaEniRFnisH$i%TGJkpF5kcE5kRC5kIB1lAAZlXzEnizipizfrizPs6AHtWAyulCyudDyu$DjuNE3uyFKt%yFuv1EfwaCfw" /><g i="9" c="111" charCode="111" p="#^RDsiaGsiwHQjSIclSICnSIVpZHYr5H_tBF5v5EcwcCcwSzcwxyQucxrtcx2rcxKo5yHm_yEkuAyj$BsiRDsi^KGknKGWlZF2lcFakUDakzCakvB4lsA_lTzBnizbpiz9rizLs3ADtRAvuiCvuzDvuAECtBFJs9G4rKGrpKGkn" /><g i="10" c="115" charCode="115" p="#^ZEcsZE6uDDbvhCfwQzfwLxfw5wpv%5wttYw_tXxguXyyuMzyujByu5CXtTCktTCnsTCHrrCdr0CKqCAVp0z$omy9oIxinIx7mIxrkWypj9AniaCnigEnicGhj%yFYk%SEFkDD7kaC7k2B7koAFkLzblLz1mLzJmaAcnCAHnZBsohDbpRDJppEeqHERqZEsrZEcs" /><g i="11" c="117" charCode="117" p="#^vBDi%Gz6rszbsszOsszyufByukCyumDPtpE4tbFJr_FlqpGqo%DHDi%EJDi%QG$v%7F$v%pFxt%fFxt3E2vZCFvUBfwJAfw9zfwgypvnxyunx_snxdsExTq%rzDi" /><g i="12" c="109" charCode="109" p="#^vE$v%iGynwGpmwGVlwG2l8GAkMF5kRE5kQD5kSCQkUBzl8BWmpAho$zcq%My$v%Jw$v%AzDi%hBDi%$A5l%7B5lbCEjeD0jiEniqFniOGniyHajiIZjqInl%xInlAJSjLK7jXLni9NniIOniyPcjoQ1koQDloQsm7QOn%nO$v%iM$v%6OynlOhmlOMllO0lWNzkvN5kBM5kCL5kEKPkHJwlYIPmeI6oSHUp%yG$v" /><g i="13" c="112" charCode="112" p="#^FCfwtBfwAAEvHz1vczXt%4zXt%1zou_yIuUyfvPyOvvx$B%tv$B%AzDi%hBDi%YAal%2BaleDpiBFpigHpieIBjcJNkcJXmcJxpmIHrwHRt0G2vxEfwFCfw^WE6kLD6kxCglkBqmCAboUzXpUzNrUz7tzARtfByuxCyuKDyuNEztQFAssGLq5HWo5HTm5H6kWE6k" /><g i="14" c="100" charCode="100" p="#^ODpiaGpieHJk%mHJkzHQiVHnh%SI$c%TK$c%SG$v%9F$v%qFst%kFst5E_u0DDvXBfwOAfw5zfw8y3vcxStcxKrcx7p4yYmYyNkrABjXBpiODpi^uByuDCyuRDpt3FgsNFvqvGJovGTmvGxlRFQkbF6kWD6kHC6kDB7lAA7mXzYnizMpizNrizyuuByu" /><g i="15" c="114" charCode="114" p="#^bFni0GniEGyi%cGnkzFdkWEdkPDdkRCYkTBHl8B_mqAho4ATp%My$v%Jw$v%AzDi%hBDi%$A5l%7B5l$BXjACrj9DWiNDFipEnibFni" /><g i="16" c="50" charCode="50" p="#^7H$v%8w$v%xwcu%cC4psDYnmE5ngFdmSFtlsGIkKGYj0Hcj0Hhi0H4hhGngzFFfiEFfmDFfsC0gzBmguAbh%uzNfPBUdwEUdGGUdWHZeaJ2gaJYhaJijHIrkcIAl4HRmZF6ovDhq%cz1u%cz7u%tH7u" /><g i="17" c="48" charCode="48" p="#^kJDjkJenmIdqpHbtLFJu6EfwWBfwMzfwDyIuux8tuxbquxUmuyVjuzWg7BpfMCTdTETdkJTdkJDj^LEEfnDEfcC2h1BsiiA_kAzwnAz9qAzfsbAntOAvu9CvuzDvuIE6tRFJrxG6peHvmeHAjeHEfLEEf" /><g i="18" c="49" charCode="49" p="#^aD$v%4B$v%tDSkbEGhyEtgXD7hRCQh%GAaj%IzDh%bF9e%$G9e" /><g i="19" c="51" charCode="51" p="#^5JRh5JLjSH4lDGpmsEOm%sEVmZFbnQGdoHHepHHLqHHnsXGDtbGSuKEzvhDfwhBfwIyfwAwhv%AwhtJxUt$yduhAxukBxuiDxuoEztvFBsvFVqvFjpxEuozDFnRBFn%fAFn%DAVl%kCVllEVlGFRk$GNj$G3i$GXghGhgAFDfnEDfoDDfsCYfwBhgkA5h%lzFfJBUdwEUdIGUdUHYe5J0g5JRh" /><g i="20" c="46" charCode="46" p="#^xw5vxw9u0xCtwx2tny2tVy2tdzntyzHtyzkuyzcv3zNvAymwLxmwbxmwSw1wxwJvxw5v" /><g i="21" c="104" charCode="104" p="#^VE$v%IGznWGqmWGWlWG6k7F6k2E6k0DQk_BylbBWmpAio$zeq%My$v%Jw$v%LA$c%OC$cAC$dnCYeaCUfYBSgLBQhvBUifBYjWAcl%2BclcCIjjD3jrEpiFFpifHpi7Ihj$I9k$INl$IxmJIOnfI9qYG$v" /><g i="22" c="108" charCode="108" p="%^Ly$vIw$vLA$cOC$c" /><g i="23" c="98" charCode="98" p="#^FCfwtBfwzADvGz$udzXt%5zXt%fy$v%Jw$v%LA$c%OC$caCYfQBxhvB5jWAcl%1BclaCMjgD5jnEpiyFpigHpieIDjcJQkcJXmcJupmIFrxHQt1G2vxEfwFCfw^WE6kLD6kxCglkBqmCAboUzXpUzNrUz7tzARtfByuxCyuKDyuNEztQFAssGLq5HWo5HTm5H6kWE6k" /><g i="24" c="121" charCode="121" p="#^cxDi%fzDi%9AhpgA6qnAMrvAptvApu%AApu$AltEBZrhCAqAC3q%yGDi%JIDi%dAgy5zmAZxaBSw$Biv$Bqu$BBtLB%Bt5AmujAbvjAbwjAVwHzDx4ziyTx%dzdw" /><g i="25" c="53" charCode="53" p="#^iD6lwF6lQGom8IFn8IQp8IOrfHitmGNuMEwvaDfw$AfwFyfwZwhv%Zwht_yxu2BxuoDxuHEmt$Fbs$F4q$Fyo5FFncELmCCLm0CLmqBQmQAVmJzcn%Pyvm%dB9e%nJ9e%ZI1g%CC1g%2Bol6C6liD6l" /><g i="26" c="37" charCode="37" p="#^WN9e%GA$v%Py$v%4M9e^GLAmSKAmdKnnAJ9obJGpPIbrPIBsPIJu5KJuUKJuwLWt9M7tAMvr$MSp$MBo$MAmGLAm^IOqoIOJpjOirXNTsjNZtIM2vRLFv_KfwWJfwAIfwQHlv5Hru5HFs5HDqIHMokIVmnJ_lqK2lPL2leN2lZNWlIOOmIOqo^DCqfQBqfaBbgxAYg8AuiLz$jLzslLzzn2BznHBzncC4nJCBm5DHluDMkJDyjYDjiYDshYDqfDCqf^FFhhFFBigFbkTEMlfERmEDVnNCwoXB6pTA6pyz6pOyco2yhn2yvl2ytjFyChhzLfkAQeoBUdNCUdbEUdWENeFFFfFFhh" /><g i="27" c="84" charCode="84" p="%^XB$vRz$vdD$fgy$fGy9eIK9ekK$flF$f" /><g i="28" c="119" charCode="119" p="%^8G$vLFFo#IFvnIFzmIFFkBFFk_E5mZDooqA$vYx$vqxDirzDiFzTpFzYq#FzKsyzeuDzeu#cAJsiBiqVEDi7HDiAHTp#EHWrEH4tEHJtDHeuHHeu#1IbtIIAr#nJYpFMDiQODiEI$v" /><g i="29" c="52" charCode="52" p="%^1JXrbGXriF$viD$vcEXrbwXryw$pKG3e7J3eBG3qqJ3q^CE3q#aFnnzFwl#YFEjZG4gTG4g#GGrg3Ggh#sF4ibFriGy3q" /></glyphs></font><font id="50" name="Open SansBoldItalic Charset1_ 66RnbgtubkR"><glyphs><g i="0" c="77" charCode="77" p="%^eGvrYM9e7S9elO$vWK$vIMyn#lNyk_NaiWNaiZG$vyD$vOCaiLCai#CCfjhC$k#YBKm$z$vEw$vqA9elF9ebGvr" /><g i="1" c="101" charCode="101" p="#^vELkqDLktCKlwBImdB6o%NB6oGD6oJEwnNFWmNFVlNFLkvELk^vCfwXzfwwyTu5xut5xZq5xro5ymm6zhkQAbjzC5iKE5iUG5i5I5jjJ5kjJQljJ6ogHmpeFBqrBBq%QABq%OARq%OA5rOAcsqBRs3CutdDuthEut8Fft0G0tfHrs%fHcv9FfwvCfw" /><g i="2" c="115" charCode="115" p="#^7Gvr7GOtBE1v4DfwnAfw3zfw5y3w7xUvhwsv%hwrscyxtaAxt9BxtMB8toCKsoC2soCwrXB6rvBHqlA3qTyephypoIxAnIxsmIxnk2zejoA5iUC5ilF5ikHfj%7GUlpESkZCSkhCSkRBalqBulqB$lqBumPBRmcCcnhDLnNEwosFqp7Gkq7Gvr" /><g i="3" c="97" charCode="97" p="#^YAfw9zfw7yYu5xFt5xir5xUoZxImSyvkhAijJB5iqD5iCE5itFCikG7jOG6k%VG6k%BHmi%qKmi%xH$v%KE$v%VEeu%REeudDfwYAfw^oChteDht0EtsOEErgFfqLFRoLF4nLFdmhFFlPE4l2E4ldD4ltCZlJBRmgBhoQAJpQA7rQAcseBLsEBhtoCht" /><g i="4" c="103" charCode="103" p="#^uKni%2Kpk%WHVk7Iyl7Ilm7IKoEG7qaFvrDCvrVBvrqBnroAIroAksoALsLAXs7B6tRBct%wDqtwFHtqGtukHevkHIwkHgzqFDAwD$B_z$Brx$B0w4BBu9ABuyyBujxrvpwgwwv2yXu8xmu8xjt8xrsHxPreybruzCqHy0qiyfpWxtoWxnnWxXkszwj$A5iDD5iEE5iFFni^sA4w9zfwuyMwQxixQx5yQxvzcAvz2Cvz_CYyWDpyWDpxWDXwwDGw7DqwRBfw^vDqkzCqkZBmloBimoBInoB9pFC9pzD9p7EdoIEhnIESlIEqkvDqk" /><g i="5" c="32" charCode="32" p="#" /><g i="6" c="104" charCode="104" p="#^WH$v%fE$v%WF1o7Gcn7GAm7G4lOE4lGD4lLCtmRBSnkBlq%7A$v%sw$v%uA$c%9E$cGDcfqDogaDAhnCak%tCakdDej8EGi4F5iiG5i_H5iVI6jQJ7kQJ1mQJWmyJdo" /><g i="7" c="111" charCode="111" p="#^QFvnQF5l4E5laD5lrCRlJBBmfB1oOAtpOA$qOAgtDCgtyDgthEws0FMrqFqqQF4pQFvn^xJvnxJ4qFI4sOH3uaG9vzEfwkCfwXzfwwyPu5xnt5x$q5xooZxmmRykkuAdj8C5ilE5iLG5i8IxjxJZkxJvn" /><g i="8" c="117" charCode="117" p="#^czmi%TCmi%cBkq$A9r$ANr$AhtkChtsDhtmEUrhFvqOF0o%$Gmi%GKmi%NH$v%ZE$v%eFut%9FutoDfwQAfw8zfwfyfvmxeumxksmxcrExKp" /><g i="9" c="108" charCode="108" p="%^7A$vsw$vuA$c9E$c" /><g i="10" c="100" charCode="100" p="#^YAfw9zfw7yYu5xEt5xhr5xUoZxJmRyxkgAjjIB5iqD5iqE5i8FyiTF$iwG5k%DG5k%EGLjJGpiYGnh%TH$c%yL$c%xH$v%KE$v%VEeu%REeu_Div1DNv5CfwYAfw^vChtiDht3EssQECrhFdqLFQoLFdnLFfmiFGlRE4l2E4ldD4ltCZlJBRmgBhoQAJpQA7rQAhtvCht" /><g i="11" c="98" charCode="98" p="#^WF5iIH5iKIqjMJKkMJ2nMJnpXIyr6IItFG_ucFfwsDfw4Bfw4Agu%_zgu%gz$v%sw$v%uA$c%9E$c%oDwgUCLinCak%tCakqDZicExi$E5iWF5i^sE4lDD4lSCTl6CGmCB4o7Bup7B7r7B6sABIs1ChtQChtEDhtnErs7FBrAF7q2GFo2Gdn2G4lsE4l" /><g i="12" c="114" charCode="114" p="#^hG5i$G5isHei%EGMl5GAlqFAl$DAlXCImTBPnqBUp%7A$v%sw$v%lzmi%9Cmi%UBTk%ZBTkMD5ihG5i" /><g i="13" c="116" charCode="116" p="#^hCht3DhtfESs%fECvUCfw$AfwazfwjyuvsxJusx5tsxusBxKr%$y9l%8x9l%vxmj%Uzki%vBsf%TDsf%hDmi%KGmi%7G9l%GC9l%hBKrcB5scBnscBhthCht" /><g i="14" c="99" charCode="99" p="#^aCfwJzfwpyXu5xDt5xer5xEo$xxmWypkzAfjdC5ikE5iyG5ikIZi%cHNlyGvlVFilhF4ltE4lrD4lBCSlMBEmiB$nQAmpQAWqQA5snBHsXBhtWChtRDhtEE$srFIshGhs%hGhvqEfwaCfw" /><g i="15" c="33" charCode="33" p="#^MA4q%Qx4q%Lz9e%UD9e^jwBujwvtYwRsCxasOyasDzas7AEsDA5tDAXtDA$uYzGvhzkwcykwjxkwPwTvjwpvjwBu" /><g i="16" c="73" charCode="73" p="%^Ew$vsA9eaE9enA$v" /><g i="17" c="105" charCode="105" p="#^Xz9fXz5ewAyd5B$c9C$c2D$cvDodZDMdZDteZDsfqD3gUCFgNBFgXzFgXz9f^7A$v%sw$v%lzmi%0Dmi" /><g i="18" c="110" charCode="110" p="#^WH$v%fE$v%WF1o7Gcn7GAm7G4lOE4lGD4lLCtmRBSnkBlq%7A$v%sw$v%lzmi%9Cmi%UBTk%ZBTkLD5iiG5i_H5iVI6jQJ7kQJ1mQJWmyJdo" /><g i="19" c="109" charCode="109" p="#^iG5iZI5ivJTk%AJTkpKxjxLPiFM5iXN5iCP5itQ8jlRaklR1mlRYm3Rdo%sP$v%ML$v%sN1oFNcnFNAmFN4lsM4lkL4lqKsmwJPnZIkq%OH$v%7E$v%OF1o$Fcn$FAm$F4lOE4lGD4lLCtmRBSnkBlq%7A$v%sw$v%lzmi%9Cmi%UBTk%ZBTkLD5iiG5i" /><g i="20" c="112" charCode="112" p="#^WF5iIH5iKIpjMJJkMJ4nMJppWIzr5IJtEG_ubFfwsDfwrCfwIBOvZAlvlAgu%fAgu5AcwJzSx%Ry$B%av$B%lzmi%9Cmi%XBqk%3CqkKD5iWF5i^sE4lDD4lRCVl3CJmBB5o7Btp7B7r7B6sABIs1ChtQChtEDhtnErs7FBrAF7q2GFo2Gdn2G4lsE4l" /><g i="21" c="384" charCode="57345" p="#^sv$Bbu$BktHB%ktLy4u$yKu$ytv$y1wwyBw1yQwWw%jz9l%kx9l%Ixoj%Xzmi%9AkhFA0fRBYd1DTcbFTcNGTc2Itd%4HcgeGQfsFQfLEQfjEkgUDPgLDBh%CDmi%qImi%EIkh8J0fkKYdxLTcGNTchPTcyQtd%APcgKOQfXNQffNQfQMkgpMPgfMBh%5Mmi%NOmi%aO9l%vL9l%TItxXH$BYD$BGC$BQBHB%QBLyzC$ydD$yUE$ykFWw%QH9l%$C9l%nAtxrz$Bsv$B" /><g i="22" c="118" charCode="118" p="#^yBksdCtqGCCp%iGmi%fKmi%TC$v%Xy$v%fxmi%RAmi%oBwpuB7ruBks" /><g i="23" c="69" charCode="69" p="%^DG$vEw$vqA9epK9eLJfhvDfhGCalvIalQHgo$Bgo1BTshHTs" /><g i="24" c="121" charCode="121" p="#^fxmi%RAmi%xBGoIBaqIBfs%NBfs0CDrjCOqCCYp6DWo%hGmi%gKmi%ZBYxPz$B4w$BZu$BhuMB%huRy6v$yHv$yJw$yuxpygyQxXyBw%fz$v" /><g i="25" c="83" charCode="83" p="#^yHKqyHhtKFMuXDfwRAfw9yfwvw9v%vwPrSy7tTA7teC7t$CCsND4sNDbrNDFqCDgqsDSp8DwpRCapDBhoXz3nfzTlAyHkAykjAyLhkzwg5AgfuBAeUCUdIEUdmHUdyJ6f%dIYhjG2hIE2hHD2h1DBhoC8ioC2joCOjOCmkcDVkCEPl4GOmPG_nyH9pyHKq" /><g i="26" c="102" charCode="57344" p="#^sv$Bbu$BktHB%ktLy4u$yKu$ytv$y1wwyBw1yQwWw%jz9l%kx9l%Ixoj%Xzmi%9AkhFA0fRBYd1DTcbFTcNGTc2Itd%4HcgeGQfsFQfLEQfjEkgUDPgLDBh%CDmi%hGmi%HF9l%$C9l%nAtxrz$Bsv$B" /><g i="27" c="72" charCode="72" p="%^SJ$v7G$vLHjo$BjonA$vEw$vqA9e9E9eGC9lqI9lVJ9eDN9e" /><g i="28" c="67" charCode="67" p="#^2H1hrF1h8E1iSC0j4CXkiBSmiB3piB5r7C5sZC4tOE4tAG4tWI8s%WIjvvGfw2EfwXAfwdzquvxBsvxfpvx3mMynj2AGg9ChfhETd2HTdAITdLJ9eXKqeiM9f%SKdizJvhJIghTH1h2H1h" /><g i="29" c="107" charCode="107" p="%^eHmirLmilFwoQI$vKE$vvCTq1BLr7A$vsw$vuA$c9E$clCul#fC_l$BVmFB9oIB9o" /><g i="30" c="76" charCode="76" p="%^Ew$vqA9e9E9e1BTshHTsDG$v" /></glyphs></font></bwFonts>