﻿<?xml version="1.0" encoding="utf-8"?>
<manifest identifier="_6I9LiBLvnwb_course_id" version="1.0" xmlns="http://www.imsproject.org/xsd/imscp_rootv1p1p2" xmlns:adlcp="http://www.adlnet.org/xsd/adlcp_rootv1p2" xmlns:xsi="http://www.w3.org/2001/XMLSchema-instance" xsi:schemaLocation="http://www.imsproject.org/xsd/imscp_rootv1p1p2 imscp_rootv1p1p2.xsd http://www.imsglobal.org/xsd/imsmd_rootv1p2p1 imsmd_rootv1p2p1.xsd http://www.adlnet.org/xsd/adlcp_rootv1p2 adlcp_rootv1p2.xsd">
  <metadata>
    <schema>ADL SCORM</schema>
    <schemaversion>1.2</schemaversion>
    <lom xmlns="http://www.imsglobal.org/xsd/imsmd_rootv1p2p1" xmlns:xsi="http://www.w3.org/2001/XMLSchema-instance" xsi:schemaLocation="http://www.imsglobal.org/xsd/imsmd_rootv1p2p1 imsmd_rootv1p2p1.xsd">
      <general>
        <title>
          <langstring xml:lang="x-none">C0-3-10_Multiple Benefits Wheel</langstring>
        </title>
      </general>
      <lifecycle>
        <version>
          <langstring xml:lang="x-none">1</langstring>
        </version>
        <status>
          <source>
            <langstring xml:lang="x-none">LOMv1.0</langstring>
          </source>
          <value>
            <langstring xml:lang="x-none">Final</langstring>
          </value>
        </status>
      </lifecycle>
      <metametadata>
        <metadatascheme>ADL SCORM 1.2</metadatascheme>
      </metametadata>
      <educational>
        <typicallearningtime>
          <datetime>PT0H0M0S</datetime>
        </typicallearningtime>
      </educational>
      <rights>
        <cost>
          <source>
            <langstring xml:lang="x-none">LOMv1.0</langstring>
          </source>
          <value>
            <langstring xml:lang="x-none">yes</langstring>
          </value>
        </cost>
        <copyrightandotherrestrictions>
          <source>
            <langstring xml:lang="x-none">LOMv1.0</langstring>
          </source>
          <value>
            <langstring xml:lang="x-none">yes</langstring>
          </value>
        </copyrightandotherrestrictions>
      </rights>
    </lom>
  </metadata>
  <organizations default="C0-3-10_Multiple_Benefits_Wheel_ORG">
    <organization identifier="C0-3-10_Multiple_Benefits_Wheel_ORG">
      <title>C0-3-10_Multiple Benefits Wheel</title>
      <item identifier="Multiple_Benefits_Wheel_SCO" isvisible="true" identifierref="__6I9LiBLvnwb_course_id_RES">
        <title>C0-3-10_Multiple Benefits Wheel</title>
      </item>
    </organization>
  </organizations>
  <resources>
    <resource identifier="__6I9LiBLvnwb_course_id_RES" type="webcontent" href="index_lms.html" adlcp:scormtype="sco">
      <file href="story_content/thumbnail.jpg" />
      <file href="story_content/Shape6prBCeMap4y.swf" />
      <file href="story_content/Shape5mOoLZvk0BV.swf" />
      <file href="story_content/Shape5VamOyuKr2b.swf" />
      <file href="story_content/Shape6odLRACaXnB.swf" />
      <file href="story_content/Shape5Yr1wsanqct.swf" />
      <file href="story_content/Shape5tzUaavmyvL.swf" />
      <file href="story_content/Shape5oEfyNVU4kU.swf" />
      <file href="story_content/Shape6AgEl95xEpd.swf" />
      <file href="story_content/Shape6JXYejqkZqw.swf" />
      <file href="story_content/Shape5VDzAZ8FKDz.swf" />
      <file href="story_content/Shape5ddSfb26gFa.swf" />
      <file href="story_content/Shape6A0EK8IakiH.swf" />
      <file href="story_content/Shape6aCj4IwwCk2.swf" />
      <file href="story_content/Shape6GNuMIU7u6U.swf" />
      <file href="story_content/Shape6aTlWc77KsO.swf" />
      <file href="story_content/Shape6PjCGr0nb36.swf" />
      <file href="story_content/Shape69nbVfPEIhr.swf" />
      <file href="story_content/Shape5tJM4Tq1uM6.swf" />
      <file href="story_content/Shape5rhE9ustBY8.swf" />
      <file href="story_content/Shape6ZZA1972Sft.swf" />
      <file href="story_content/Shape6j3mq6rXjiv.swf" />
      <file href="story_content/Shape6Jzo30lx6zY.swf" />
      <file href="story_content/Shape6pI4Orx0CQP.swf" />
      <file href="story_content/Shape5fc0aVVmxkb.swf" />
      <file href="meta.xml" />
      <file href="story_content/FontFactory.swf" />
      <file href="story_content/fonts.swf" />
      <file href="story_content/fonts.xml" />
      <file href="story_content/frame.xml" />
      <file href="story_content/user.js" />
      <file href="mobile/app_store.png" />
      <file href="mobile/mobile_icon.png" />
      <file href="mobile/linen_background.jpg" />
      <file href="mobile/Shape6prBCeMap4y.png" />
      <file href="mobile/Shape5mOoLZvk0BV.png" />
      <file href="mobile/Shape5VamOyuKr2b.png" />
      <file href="mobile/Shape6odLRACaXnB.png" />
      <file href="mobile/Shape5Yr1wsanqct.png" />
      <file href="mobile/Shape5tzUaavmyvL.png" />
      <file href="mobile/Shape5oEfyNVU4kU.png" />
      <file href="mobile/Shape6AgEl95xEpd.png" />
      <file href="mobile/Shape6JXYejqkZqw.png" />
      <file href="mobile/Shape5VDzAZ8FKDz.png" />
      <file href="mobile/Shape5ddSfb26gFa.png" />
      <file href="mobile/Shape6A0EK8IakiH.png" />
      <file href="mobile/Shape6aCj4IwwCk2.png" />
      <file href="mobile/Shape6GNuMIU7u6U.png" />
      <file href="mobile/Shape6aTlWc77KsO.png" />
      <file href="mobile/Shape6PjCGr0nb36.png" />
      <file href="mobile/Shape69nbVfPEIhr.png" />
      <file href="mobile/Shape5tJM4Tq1uM6.png" />
      <file href="mobile/Shape5rhE9ustBY8.png" />
      <file href="mobile/Shape6ZZA1972Sft.png" />
      <file href="mobile/Shape6j3mq6rXjiv.png" />
      <file href="mobile/Shape6Jzo30lx6zY.png" />
      <file href="mobile/Shape6pI4Orx0CQP.png" />
      <file href="mobile/Shape5fc0aVVmxkb.png" />
      <file href="story.swf" />
      <file href="story_content/frame.swf" />
      <file href="story_content/slides/5n5hejeqoho.swf" />
      <file href="mobile/slides/5n5hejeqoho.gz" />
      <file href="story_content/data.swf" />
      <file href="mobile/data.gz" />
      <file href="html5/data/css/output.min.css" />
      <file href="html5/data/js/5n5hejeqoho.js" />
      <file href="html5/data/js/data.js" />
      <file href="html5/data/js/frame.js" />
      <file href="html5/data/js/paths.js" />
      <file href="html5/lib/scripts/ds-bootstrap.min.js" />
      <file href="html5/lib/scripts/ds-frame.desktop.min.js" />
      <file href="html5/lib/scripts/ds-frame.mobile.min.js" />
      <file href="html5/lib/scripts/ds-slides.min.js" />
      <file href="html5/lib/stylesheets/desktop.min.css" />
      <file href="html5/lib/stylesheets/mobile.min.css" />
      <file href="html5/lib/stylesheets/mobile-fonts/open-sans-bold.woff" />
      <file href="html5/lib/stylesheets/mobile-fonts/open-sans-light.woff" />
      <file href="html5/lib/stylesheets/mobile-fonts/open-sans-regular.woff" />
      <file href="analytics-frame.html" />
      <file href="story.html" />
      <file href="story_html5.html" />
      <file href="story_flash.html" />
      <file href="story_content/story.js" />
      <file href="story_content/blank.html" />
      <file href="amplaunch.html" />
      <file href="mobile/mobileinstall.html" />
      <file href="index_lms.html" />
      <file href="index_lms_flash.html" />
      <file href="index_lms_html5.html" />
      <file href="lms/AICCComm.html" />
      <file href="lms/AICCFunctions.js" />
      <file href="lms/API.js" />
      <file href="lms/APIConstants.js" />
      <file href="lms/blank.html" />
      <file href="lms/browsersniff.js" />
      <file href="lms/Configuration.js" />
      <file href="lms/goodbye.html" />
      <file href="lms/lms.js" />
      <file href="lms/LMSAPI.js" />
      <file href="lms/NONEFunctions.js" />
      <file href="lms/SCORM2004Functions.js" />
      <file href="lms/scormdriver.js" />
      <file href="lms/SCORMFunctions.js" />
      <file href="lms/UtilityFunctions.js" />
    </resource>
  </resources>
</manifest>